INSERT INTO ATM(ATM_ID, NAME, LOCATION) VALUES(1, 'Smart ATM', '1 Discovery Place, Sandhurst, Sandton, 2196');

INSERT INTO DENOMINATION_TYPE(DENOMINATION_TYPE_CODE, DESCRIPTION) VALUES('A', 'One Hundred Rand');
INSERT INTO DENOMINATION_TYPE(DENOMINATION_TYPE_CODE, DESCRIPTION) VALUES('B', 'Two Hundred Rand');
INSERT INTO DENOMINATION_TYPE(DENOMINATION_TYPE_CODE, DESCRIPTION) VALUES('C', 'Fifty Rand');

INSERT INTO DENOMINATION(DENOMINATION_ID, VALUE, DENOMINATION_TYPE_CODE) VALUES(1, 200.00, 'B');
INSERT INTO DENOMINATION(DENOMINATION_ID, VALUE, DENOMINATION_TYPE_CODE) VALUES(2, 100.00, 'A');
INSERT INTO DENOMINATION(DENOMINATION_ID, VALUE, DENOMINATION_TYPE_CODE) VALUES(3, 50.00, 'C');

INSERT INTO ATM_ALLOCATION(ATM_ALLOCATION_ID, ATM_ID, DENOMINATION_ID, COUNT) VALUES(1, 1, 1, 150);
INSERT INTO ATM_ALLOCATION(ATM_ALLOCATION_ID, ATM_ID, DENOMINATION_ID, COUNT) VALUES(2, 1, 2, 150);
INSERT INTO ATM_ALLOCATION(ATM_ALLOCATION_ID, ATM_ID, DENOMINATION_ID, COUNT) VALUES(3, 1, 3, 150);

INSERT INTO CLIENT_TYPE(CLIENT_TYPE_CODE, DESCRIPTION) VALUES('FI', 'Foreign Investor');
INSERT INTO CLIENT_TYPE(CLIENT_TYPE_CODE, DESCRIPTION) VALUES('RS', 'Resident');

INSERT INTO CLIENT_SUB_TYPE(CLIENT_SUB_TYPE_CODE, CLIENT_TYPE_CODE, DESCRIPTION) VALUES('FI-I','FI', 'Indivisual');
INSERT INTO CLIENT_SUB_TYPE(CLIENT_SUB_TYPE_CODE, CLIENT_TYPE_CODE, DESCRIPTION) VALUES('RS-O','RS', 'Ordinary');

INSERT INTO CLIENT(CLIENT_ID, TITLE, NAME, SURNAME, DOB, CLIENT_SUB_TYPE_CODE) VALUES(1, 'Mr', 'Ziyanda', 'Mnguni', '1993-03-16', 'RS-O');

INSERT INTO ACCOUNT_TYPE(ACCOUNT_TYPE_CODE, DESCRIPTION, TRANSACTIONAL) VALUES('SAVINGS', 'Savings Account', 1);
INSERT INTO ACCOUNT_TYPE(ACCOUNT_TYPE_CODE, DESCRIPTION, TRANSACTIONAL) VALUES('CREDIT', 'Credit Card', 1);
INSERT INTO ACCOUNT_TYPE(ACCOUNT_TYPE_CODE, DESCRIPTION, TRANSACTIONAL) VALUES('CHEQUE', 'Cheque Account', 1);
INSERT INTO ACCOUNT_TYPE(ACCOUNT_TYPE_CODE, DESCRIPTION, TRANSACTIONAL) VALUES('H-LOAN', 'Home Loan', 0);
INSERT INTO ACCOUNT_TYPE(ACCOUNT_TYPE_CODE, DESCRIPTION, TRANSACTIONAL) VALUES('FT-INV', 'Fixed Term Investment', 0);
INSERT INTO ACCOUNT_TYPE(ACCOUNT_TYPE_CODE, DESCRIPTION, TRANSACTIONAL) VALUES('NOTICE', 'Investment', 0);


INSERT INTO CURRENCY(CURRENCY_CODE , DECIMAL_PLACES, DESCRIPTION) VALUES('USD', 2, 'United States Dollar');
INSERT INTO CURRENCY(CURRENCY_CODE , DECIMAL_PLACES, DESCRIPTION) VALUES('AUD', 2, 'Australian Dollar');
INSERT INTO CURRENCY(CURRENCY_CODE , DECIMAL_PLACES, DESCRIPTION) VALUES('ZAR', 2, 'South African Rand');

INSERT INTO CURRENCY_CONVERSION_RATE(CURRENCY_CODE, CONVERSION_INDICATOR, RATE) VALUES('USD', '1', 11.6167);
INSERT INTO CURRENCY_CONVERSION_RATE(CURRENCY_CODE, CONVERSION_INDICATOR, RATE) VALUES('AUD', '1', 8.818342);
INSERT INTO CURRENCY_CONVERSION_RATE(CURRENCY_CODE, CONVERSION_INDICATOR, RATE) VALUES('ZAR', '0', 0);

INSERT INTO CLIENT_ACCOUNT(CLIENT_ACCOUNT_NUMBER, CLIENT_ID, ACCOUNT_TYPE_CODE, CURRENCY_CODE, DISPLAY_BALANCE) VALUES('5000485389', 1, 'CREDIT', 'ZAR', 10658.56);
INSERT INTO CLIENT_ACCOUNT(CLIENT_ACCOUNT_NUMBER, CLIENT_ID, ACCOUNT_TYPE_CODE, CURRENCY_CODE, DISPLAY_BALANCE) VALUES('1095494893', 1, 'SAVINGS', 'ZAR', 7348.78);
INSERT INTO CLIENT_ACCOUNT(CLIENT_ACCOUNT_NUMBER, CLIENT_ID, ACCOUNT_TYPE_CODE, CURRENCY_CODE, DISPLAY_BALANCE) VALUES('4095775197', 1, 'CHEQUE', 'ZAR', 2736.25);
INSERT INTO CLIENT_ACCOUNT(CLIENT_ACCOUNT_NUMBER, CLIENT_ID, ACCOUNT_TYPE_CODE, CURRENCY_CODE, DISPLAY_BALANCE) VALUES('9164010053', 1, 'NOTICE', 'USD', 231.50);
INSERT INTO CLIENT_ACCOUNT(CLIENT_ACCOUNT_NUMBER, CLIENT_ID, ACCOUNT_TYPE_CODE, CURRENCY_CODE, DISPLAY_BALANCE) VALUES('9755978035', 1, 'FT-INV', 'AUD', 223.30);

INSERT INTO CREDIT_CARD_LIMIT(CLIENT_ACCOUNT_NUMBER, ACCOUNT_LIMIT) VALUES('5000485389', 1000.00);